timestamp,run_type,max_depth,n_estimators,learning_rate,subsample,min_samples_leaf,train_rmse,val_rmse,val_mae,train_val_gap
2026-08-29T14:32:36.228031+00:00,tune_candidate,2,100,0.03,0.7,1,39.776283246051335,49.56337882108512,35.58597553577118,9.787095575033781
2026-08-29T14:32:36.434057+00:00,tune_candidate,2,100,0.03,0.7,5,39.78244726165361,49.85338988839157,35.82511661408228,10.07094262673796
2026-08-29T14:32:36.638759+00:00,tune_candidate,2,100,0.03,0.7,10,40.034626682623625,49.50879453057382,35.586159880865914,9.474167847950199
2026-08-29T14:32:36.889822+00:00,tune_candidate,2,100,0.03,0.85,1,39.794396889072516,49.41965731519483,35.42415299249681,9.625260426122317
2026-08-29T14:32:37.129717+00:00,tune_candidate,2,100,0.03,0.85,5,39.85704089282086,49.59044644827542,35.555165706498784,9.73340555545456
2026-08-29T14:32:37.360013+00:00,tune_candidate,2,100,0.03,0.85,10,40.056828687931876,49.40235764177848,35.392920033390034,9.345528953846603
2026-08-29T14:32:37.603594+00:00,tune_candidate,2,100,0.03,1.0,1,39.839274817971976,49.80868645638086,35.544258963645156,9.969411638408886
2026-08-29T14:32:37.850923+00:00,tune_candidate,2,100,0.03,1.0,5,39.90987352448931,49.79816935115482,35.54976573860157,9.888295826665505
2026-08-29T14:32:38.093849+00:00,tune_candidate,2,100,0.03,1.0,10,39.969013623964194,49.94164996121755,35.623936732484545,9.972636337253356
2026-08-29T14:32:38.301046+00:00,tune_candidate,2,100,0.05,0.7,1,37.35701668961683,47.9218474465541,34.06335916741762,10.564830756937269
2026-08-29T14:32:38.501835+00:00,tune_candidate,2,100,0.05,0.7,5,37.842642745977905,47.81010399310053,33.91343561887374,9.967461247122628
2026-08-29T14:32:38.711033+00:00,tune_candidate,2,100,0.05,0.7,10,37.74031033431217,47.68680161066942,34.0190012517699,9.94649127635725
2026-08-29T14:32:38.951357+00:00,tune_candidate,2,100,0.05,0.85,1,37.255433915375775,47.88799556222031,34.06550591314254,10.632561646844536
2026-08-29T14:32:39.179711+00:00,tune_candidate,2,100,0.05,0.85,5,37.38814910180464,47.92997744791271,34.21968273402913,10.541828346108069
2026-08-29T14:32:39.427649+00:00,tune_candidate,2,100,0.05,0.85,10,37.723861893055485,46.97484136135314,33.48010766727406,9.250979468297658
2026-08-29T14:32:39.675091+00:00,tune_candidate,2,100,0.05,1.0,1,37.16313765866282,48.01008481303739,34.085620564862644,10.846947154374568
2026-08-29T14:32:39.922281+00:00,tune_candidate,2,100,0.05,1.0,5,37.37131973482336,47.94363001631128,33.957656987796696,10.572310281487923
2026-08-29T14:32:40.167537+00:00,tune_candidate,2,100,0.05,1.0,10,37.88591931905904,47.451441519444664,33.56790709860634,9.565522200385622
2026-08-29T14:32:40.554961+00:00,tune_candidate,2,200,0.03,0.7,1,36.25945560053663,47.92592694417303,34.05321304264923,11.666471343636395
2026-08-29T14:32:40.961931+00:00,tune_candidate,2,200,0.03,0.7,5,36.50093713430716,47.939840021170745,34.037966061976604,11.438902886863588
2026-08-29T14:32:41.400899+00:00,tune_candidate,2,200,0.03,0.7,10,37.14542214603471,47.24831650019712,33.58444616798523,10.102894354162409
2026-08-29T14:32:41.887491+00:00,tune_candidate,2,200,0.03,0.85,1,36.41122132864553,47.945057676240545,33.76953134542091,11.533836347595013
2026-08-29T14:32:42.413121+00:00,tune_candidate,2,200,0.03,0.85,5,36.65330747923438,47.994333971667345,33.99235556722075,11.341026492432967
2026-08-29T14:32:42.858432+00:00,tune_candidate,2,200,0.03,0.85,10,37.10904008537679,47.313153574312324,33.42023363796947,10.204113488935533
2026-08-29T14:32:43.361682+00:00,tune_candidate,2,200,0.03,1.0,1,36.28737185367769,47.71851078650026,33.7734878751422,11.43113893282257
2026-08-29T14:32:43.994164+00:00,tune_candidate,2,200,0.03,1.0,5,36.568956177639954,47.79409377275629,33.82635049328602,11.225137595116337
2026-08-29T14:32:44.864055+00:00,tune_candidate,2,200,0.03,1.0,10,37.114224230379996,47.28008153756376,33.46107714646149,10.165857307183764
2026-08-29T14:32:45.438532+00:00,tune_candidate,2,200,0.05,0.7,1,33.59119080280479,47.62752454706536,33.52997713847767,14.036333744260574
2026-08-29T14:32:46.061624+00:00,tune_candidate,2,200,0.05,0.7,5,34.30789294444353,47.746589646326626,33.44669913370405,13.438696701883096
2026-08-29T14:32:46.506139+00:00,tune_candidate,2,200,0.05,0.7,10,34.48005019410508,47.72070676956424,33.88090839596643,13.240656575459155
2026-08-29T14:32:46.984015+00:00,tune_candidate,2,200,0.05,0.85,1,33.49965397016159,47.960425452281,33.719404646792064,14.460771482119412
2026-08-29T14:32:47.488994+00:00,tune_candidate,2,200,0.05,0.85,5,33.892488318488795,48.14062322006633,33.8593272219013,14.248134901577536
2026-08-29T14:32:48.031869+00:00,tune_candidate,2,200,0.05,0.85,10,34.48401893329588,46.80862184057847,33.046001400124986,12.32460290728259
2026-08-29T14:32:48.614026+00:00,tune_candidate,2,200,0.05,1.0,1,33.909000267020254,48.2627473363392,33.91946599581145,14.353747069318949
2026-08-29T14:32:49.295881+00:00,tune_candidate,2,200,0.05,1.0,5,34.113287769847794,47.29071898950973,33.38279306081867,13.177431219661933
2026-08-29T14:32:49.802566+00:00,tune_candidate,2,200,0.05,1.0,10,34.901500431680034,46.97790350876718,33.17762759098711,12.076403077087143
2026-08-29T14:32:50.571475+00:00,tune_candidate,2,300,0.03,0.7,1,33.984485643433835,47.71278529220866,33.68082683264785,13.728299648774822
2026-08-29T14:32:51.223547+00:00,tune_candidate,2,300,0.03,0.7,5,34.40600706732851,47.97573304082172,33.822125549176654,13.569725973493213
2026-08-29T14:32:51.851905+00:00,tune_candidate,2,300,0.03,0.7,10,35.18913919967894,47.387303939308445,33.41077846772515,12.198164739629505
2026-08-29T14:32:52.551247+00:00,tune_candidate,2,300,0.03,0.85,1,34.35538651480919,48.35830214123724,33.85093835529884,14.002915626428049
2026-08-29T14:32:53.286562+00:00,tune_candidate,2,300,0.03,0.85,5,34.68568674391473,48.41969401602308,34.05426675862161,13.73400727210835
2026-08-29T14:32:54.014664+00:00,tune_candidate,2,300,0.03,0.85,10,35.22333666456602,47.29418338301231,33.389879902406065,12.07084671844629
2026-08-29T14:32:54.777990+00:00,tune_candidate,2,300,0.03,1.0,1,34.49876930863411,47.5773392691266,33.40505426185599,13.078569960492487
2026-08-29T14:32:55.619981+00:00,tune_candidate,2,300,0.03,1.0,5,34.6829452867328,47.534793277390214,33.439607173260875,12.851847990657411
2026-08-29T14:32:56.443091+00:00,tune_candidate,2,300,0.03,1.0,10,35.338061090818,47.167990334109625,33.34687399659371,11.829929243291623
2026-08-29T14:32:57.142267+00:00,tune_candidate,2,300,0.05,0.7,1,30.75498710891103,47.95743812684762,33.813707980285955,17.20245101793659
2026-08-29T14:32:57.834615+00:00,tune_candidate,2,300,0.05,0.7,5,31.7037082065268,47.68789445394918,33.50218317245662,15.984186247422375
2026-08-29T14:32:58.779536+00:00,tune_candidate,2,300,0.05,0.7,10,31.81334549576404,48.26108600998523,34.252595707515574,16.447740514221188
2026-08-29T14:32:59.763953+00:00,tune_candidate,2,300,0.05,0.85,1,30.879791081111822,47.78203792045396,33.636809638131986,16.902246839342137
2026-08-29T14:33:01.063026+00:00,tune_candidate,2,300,0.05,0.85,5,31.481104277832333,47.96572120108211,33.703893199760806,16.484616923249778
2026-08-29T14:33:02.100044+00:00,tune_candidate,2,300,0.05,0.85,10,31.862436870601158,46.74700792636827,33.154880250977634,14.884571055767111
2026-08-29T14:33:03.717066+00:00,tune_candidate,2,300,0.05,1.0,1,31.69302615574059,48.66452328788629,34.1155240992017,16.9714971321457
2026-08-29T14:33:05.460864+00:00,tune_candidate,2,300,0.05,1.0,5,31.7855825304615,47.54800289890136,33.72506330609366,15.762420368439859
2026-08-29T14:33:06.956529+00:00,tune_candidate,2,300,0.05,1.0,10,32.79038849199064,46.70648627205365,33.23530394608079,13.916097780063012
2026-08-29T14:33:07.300112+00:00,tune_candidate,3,100,0.03,0.7,1,35.55165364154821,48.04884519468688,34.15592496993374,12.497191553138677
2026-08-29T14:33:07.731891+00:00,tune_candidate,3,100,0.03,0.7,5,35.693703692499426,47.744275486588506,33.852654024236216,12.05057179408908
2026-08-29T14:33:08.041079+00:00,tune_candidate,3,100,0.03,0.7,10,36.39703016019819,48.0810689775364,34.18948616606526,11.684038817338205
2026-08-29T14:33:08.426523+00:00,tune_candidate,3,100,0.03,0.85,1,35.422352150115884,48.301106560623644,34.13960619711352,12.87875441050776
2026-08-29T14:33:08.822773+00:00,tune_candidate,3,100,0.03,0.85,5,35.608794699475496,47.551192024816494,33.724452480391776,11.942397325340998
2026-08-29T14:33:09.166697+00:00,tune_candidate,3,100,0.03,0.85,10,36.100640690104385,47.95238816204505,33.98536422496003,11.851747471940662
2026-08-29T14:33:09.605671+00:00,tune_candidate,3,100,0.03,1.0,1,35.69088171491562,49.190868315187224,34.77096920503157,13.499986600271605
2026-08-29T14:33:09.999185+00:00,tune_candidate,3,100,0.03,1.0,5,35.8041860009109,48.55476099553242,34.45135860157941,12.750574994621516
2026-08-29T14:33:10.478039+00:00,tune_candidate,3,100,0.03,1.0,10,36.12549915925148,48.279325088104706,34.32130945526392,12.153825928853223
2026-08-29T14:33:10.805678+00:00,tune_candidate,3,100,0.05,0.7,1,32.051314751325016,48.00443990072516,33.61531616258569,15.953125149400144
2026-08-29T14:33:11.127969+00:00,tune_candidate,3,100,0.05,0.7,5,32.77049846436725,47.10605272617586,33.17483798239866,14.33555426180861
2026-08-29T14:33:11.419185+00:00,tune_candidate,3,100,0.05,0.7,10,33.233586874166384,47.31445766753624,33.04358629350438,14.080870793369854
2026-08-29T14:33:11.790270+00:00,tune_candidate,3,100,0.05,0.85,1,32.510987443815175,47.57617746255803,33.319828620107494,15.065190018742854
2026-08-29T14:33:12.161705+00:00,tune_candidate,3,100,0.05,0.85,5,32.53631494015572,47.738453175184574,33.73860695533717,15.202138235028855
2026-08-29T14:33:12.492120+00:00,tune_candidate,3,100,0.05,0.85,10,32.88676715964799,46.542232359563506,32.934873438297736,13.655465199915518
2026-08-29T14:33:12.896260+00:00,tune_candidate,3,100,0.05,1.0,1,31.935823385171755,49.90544870793472,34.885923453342485,17.969625322762962
2026-08-29T14:33:13.279147+00:00,tune_candidate,3,100,0.05,1.0,5,32.539306488617285,48.347659159508495,33.95029650599019,15.80835267089121
2026-08-29T14:33:13.771087+00:00,tune_candidate,3,100,0.05,1.0,10,33.17846494137648,47.41806465955935,33.556880354117276,14.239599718182866
2026-08-29T14:33:14.573013+00:00,tune_candidate,3,200,0.03,0.7,1,30.659940994562895,47.35323860033168,33.2708518532262,16.693297605768784
2026-08-29T14:33:15.277667+00:00,tune_candidate,3,200,0.03,0.7,5,31.019780909882687,47.2003053334896,33.441922281727756,16.180524423606915
2026-08-29T14:33:16.253356+00:00,tune_candidate,3,200,0.03,0.7,10,32.2013865463578,46.914476964536114,33.17263897995604,14.71309041817831
2026-08-29T14:33:17.612180+00:00,tune_candidate,3,200,0.03,0.85,1,30.53989900129006,48.071690690915574,33.569412464171776,17.531791689625514
2026-08-29T14:33:18.610238+00:00,tune_candidate,3,200,0.03,0.85,5,31.176246802401014,47.061724378895754,33.07352362809012,15.88547757649474
2026-08-29T14:33:19.373313+00:00,tune_candidate,3,200,0.03,0.85,10,31.997298306294365,47.0650179048208,33.12208365958268,15.067719598526434
2026-08-29T14:33:20.285022+00:00,tune_candidate,3,200,0.03,1.0,1,31.46909783875894,48.901349145402826,34.2973315676463,17.432251306643884
2026-08-29T14:33:21.359443+00:00,tune_candidate,3,200,0.03,1.0,5,31.46080530894023,48.61342509740175,34.083571280287025,17.15261978846152
2026-08-29T14:33:22.190530+00:00,tune_candidate,3,200,0.03,1.0,10,32.21438717886157,47.51666487055027,33.71019653089871,15.302277691688701
2026-08-29T14:33:22.919134+00:00,tune_candidate,3,200,0.05,0.7,1,26.821143346876674,47.55113121402945,32.90664309824984,20.72998786715278
2026-08-29T14:33:23.731258+00:00,tune_candidate,3,200,0.05,0.7,5,27.612848024268338,47.08208629065621,33.37596005456121,19.46923826638787
2026-08-29T14:33:24.528750+00:00,tune_candidate,3,200,0.05,0.7,10,28.44793756166801,47.63215559525899,33.353004904746676,19.184218033590984
2026-08-29T14:33:25.353880+00:00,tune_candidate,3,200,0.05,0.85,1,26.72444999770391,48.0330552657461,33.740607489560404,21.30860526804219
2026-08-29T14:33:26.289177+00:00,tune_candidate,3,200,0.05,0.85,5,27.220338716498876,47.25739638330596,33.51241367060854,20.037057666807083
2026-08-29T14:33:27.168412+00:00,tune_candidate,3,200,0.05,0.85,10,28.2319713708545,46.71238686879729,33.25454416661237,18.48041549794279
2026-08-29T14:33:28.216289+00:00,tune_candidate,3,200,0.05,1.0,1,28.003794868607976,50.16412276097393,35.212999011352764,22.160327892365956
2026-08-29T14:33:29.052159+00:00,tune_candidate,3,200,0.05,1.0,5,28.37912678258345,48.48692551763903,34.003887880592316,20.107798735055578
2026-08-29T14:33:29.886271+00:00,tune_candidate,3,200,0.05,1.0,10,29.0759688780128,47.35892289137089,33.60533088978569,18.282954013358086
2026-08-29T14:33:31.713105+00:00,tune_candidate,3,300,0.03,0.7,1,27.34230518752715,47.462494331716684,33.2912402566368,20.120189144189535
2026-08-29T14:33:33.067028+00:00,tune_candidate,3,300,0.03,0.7,5,27.92187182041129,47.24757019062519,33.45181519875571,19.3256983702139
2026-08-29T14:33:34.108103+00:00,tune_candidate,3,300,0.03,0.7,10,29.231766783903183,47.316209451384296,33.42676978478159,18.084442667481113
2026-08-29T14:33:35.227487+00:00,tune_candidate,3,300,0.03,0.85,1,27.418271220470363,48.43653032123096,33.85307427193422,21.0182591007606
2026-08-29T14:33:36.363096+00:00,tune_candidate,3,300,0.03,0.85,5,28.03346738410088,47.39138688367671,33.41819751949577,19.35791949957583
2026-08-29T14:33:37.747137+00:00,tune_candidate,3,300,0.03,0.85,10,29.02013468493893,47.291028589000156,33.50996499537364,18.270893904061225
2026-08-29T14:33:39.342136+00:00,tune_candidate,3,300,0.03,1.0,1,28.941768400175402,48.75246078021335,34.50966427140211,19.810692380037946
2026-08-29T14:33:40.703246+00:00,tune_candidate,3,300,0.03,1.0,5,29.102491637276053,48.580301666486115,33.985393822815105,19.47781002921006
2026-08-29T14:33:42.189327+00:00,tune_candidate,3,300,0.03,1.0,10,29.93917071948197,47.49607085439426,33.86709245350378,17.55690013491229
2026-08-29T14:33:43.143830+00:00,tune_candidate,3,300,0.05,0.7,1,22.852427960467807,47.27489654916126,32.83890433531783,24.422468588693455
2026-08-29T14:33:44.144716+00:00,tune_candidate,3,300,0.05,0.7,5,23.746593189403317,47.502631180950885,33.6864577800112,23.75603799154757
2026-08-29T14:33:45.230112+00:00,tune_candidate,3,300,0.05,0.7,10,24.886142865969557,48.37244331136084,33.85482675993678,23.486300445391283
2026-08-29T14:33:46.440071+00:00,tune_candidate,3,300,0.05,0.85,1,22.557677437930117,47.99684640601918,33.82642170255895,25.439168968089064
2026-08-29T14:33:47.760393+00:00,tune_candidate,3,300,0.05,0.85,5,23.48930099877395,47.86801890169188,34.143367978755,24.378717902917934
2026-08-29T14:33:48.941682+00:00,tune_candidate,3,300,0.05,0.85,10,24.55039687211717,47.14741400287377,33.697574737210395,22.597017130756598
2026-08-29T14:33:50.209611+00:00,tune_candidate,3,300,0.05,1.0,1,24.66998323783707,50.5037722235999,35.64224467609879,25.833788985762833
2026-08-29T14:33:51.725813+00:00,tune_candidate,3,300,0.05,1.0,5,24.724529997843426,48.578385963132895,34.293791816034,23.85385596528947
2026-08-29T14:33:53.056844+00:00,tune_candidate,3,300,0.05,1.0,10,25.57447845798459,47.636842223413225,33.94790034003707,22.062363765428636
